scorer,,,Szymon,Szymon,Szymon,Szymon,Szymon,Szymon,Szymon,Szymon
bodyparts,,,nose,nose,forehead,forehead,left_front_leg,left_front_leg,right_front_leg,right_front_leg
coords,,,x,y,x,y,x,y,x,y
labeled-data,vid,img001.png,687.1963725929245,164.94558889386474,649.5788177339903,215.10232870577704,843.0405284370803,387.06829377519034,746.3096730855352,293.9200626959248
labeled-data,vid,img012.png,703.318181818182,508.87751903269145,835.8752798925215,381.69435736677116,723.0226153157189,329.7463054187192,927.2321988356472,320.7897447380206
labeled-data,vid,img013.png,751.6836094939545,498.12964621585314,855.5797133900584,349.45073891625617,744.5183609493955,329.7463054187192,697.9442454097627,233.01545006717424
labeled-data,vid,img013.png,751.6836094939545,498.12964621585314,855.5797133900584,349.45073891625617,744.5183609493955,329.7463054187192,697.9442454097627,233.01545006717424
