scorer,,,Szymon,Szymon,Szymon,Szymon,Szymon,Szymon,Szymon,Szymon
bodyparts,,,nose,nose,forehead,forehead,left_front_leg,left_front_leg,right_front_leg,right_front_leg
coords,,,x,y,x,y,x,y,x,y
labeled-data,vid2,img005.png,418.4995521719661,340.49417823555757,592.2568293775191,519.6253918495298,527.7695924764892,388.85960591133005,515.2304075235111,483.79914912673536
labeled-data,vid2,img011.png,472.2389162561577,537.538513210927,527.7695924764892,444.3902821316615,422.08217644424553,340.49417823555757,574.3437080161219,428.268472906404
labeled-data,vid2,img012.png,511.64778325123166,559.0342588446038,493.73466188983446,447.9729064039409,613.7525750111959,431.8510971786834,413.1256157635469,324.3723690103001
labeled-data,vid2,img020.png,585.0915808329603,576.947380206001,398.7951186744291,555.4516345723242,499.1085982982536,392.4422301836095,418.4995521719661,322.58105687416037
